source,target,lag,count_runs,freq
DENND5B,ATP9A,2,9,0.9
RORA,ISG15,1,9,0.9
RORA,OASL,1,8,0.8
CLDN7,EPX,0,8,0.8
RORA,PLCD3,1,8,0.8
FAM167B,CSGALNACT1,2,8,0.8
DDB1,MT-ND2,1,8,0.8
RSAD2,CLNK,1,8,0.8
FBXO39,DENND5B,1,8,0.8
ADAMDEC1,MMP8,1,8,0.8
AREG,NR2E1,2,8,0.8
NBL1,ADGRG3,1,8,0.8
PAK3,CSGALNACT1,2,7,0.7
GPR15,LEPR,2,7,0.7
RORA,TRIM14,1,7,0.7
LANCL3,ADGRG3,1,7,0.7
CABLES2,C1QA,1,7,0.7
ORM1,ALPL,2,7,0.7
FAM185A,SLC16A1,2,7,0.7
RORA,RIGI,1,7,0.7
CLC,COL11A1,2,7,0.7
ADAMDEC1,OLFM4,1,7,0.7
DDB1,TP53I11,1,7,0.7
NBL1,VNN1,1,7,0.7
NBL1,IL18RAP,2,7,0.7
ADAMTS14,AREG,2,7,0.7
OLFM4,CHRNE,0,7,0.7
RORA,NR2E1,2,7,0.7
TRDC,RSAD2,2,7,0.7
LANCL3,PRSS33,2,7,0.7
AREG,CTLA4,2,7,0.7
TRDC,RSAD2,1,7,0.7
NTRK1,YES1,1,7,0.7
ADAMTS14,DDB1,2,7,0.7
CABLES2,APOL6,1,7,0.7
BEX2,FBXO39,2,7,0.7
NBL1,LANCL3,1,7,0.7
PRSS33,GBP3,1,7,0.7
DYSF,PGLYRP1,0,7,0.7
ARHGEF10,RNF182,2,7,0.7
TRPM2,CST7,0,7,0.7
GBP7,MMP1,2,7,0.7
GLI1,PGLYRP1,2,7,0.7
IL18RAP,IGHM,2,7,0.7
ZNF423,MCEMP1,1,7,0.7
PML,AHDC1,0,7,0.7
ISG15,IFIT2,0,7,0.7
RORA,ADAMTS14,2,7,0.7
NBL1,FZD4,2,7,0.7
CXCL6,ATP9A,2,7,0.7
ALPL,BEX2,1,6,0.6
FAM185A,FOSB,2,6,0.6
GPR15,ADAMDEC1,2,6,0.6
S100A8,S100A9,0,6,0.6
ISG15,MX1,0,6,0.6
BEX2,YEATS4,2,6,0.6
BEX2,CHRNE,2,6,0.6
AREG,PRSS33,2,6,0.6
AREG,NTRK1,2,6,0.6
OASL,XAF1,0,6,0.6
LGALS3BP,VNN2,1,6,0.6
ADAMTS14,GLI1,2,6,0.6
NGFR,FADS3,1,6,0.6
LGALS3BP,FAM167B,2,6,0.6
RORA,EIF2AK2,1,6,0.6
CXCL6,NR2E1,2,6,0.6
BEX2,USP18,2,6,0.6
HSH2D,TRIM6,0,6,0.6
SLC16A1,CTLA4,1,6,0.6
FAM167B,IRF7,2,6,0.6
DDB1,DSCC1,1,6,0.6
NBL1,ENTPD3,1,6,0.6
ISG15,DDX60,0,6,0.6
RORA,KCTD14,1,6,0.6
BEX2,OASL,2,6,0.6
NBL1,PDZD4,2,6,0.6
RNF182,GLI1,0,6,0.6
IFI27,XAF1,0,6,0.6
FAM185A,GBP7,2,6,0.6
LANCL3,MMP10,1,6,0.6
BEX2,LGALS3BP,2,6,0.6
AHDC1,ARHGEF10,2,6,0.6
RORA,YEATS4,2,6,0.6
GPR15,CABLES2,1,6,0.6
NTRK1,ZNF423,2,6,0.6
BMX,LYPD8,0,6,0.6
RORA,LYPD8,2,6,0.6
RORA,OAS1,1,6,0.6
CLC,HERC5,2,6,0.6
KCNMA1,MARCO,1,6,0.6
CABLES2,U3,2,6,0.6
NR6A1,FBLN2,0,6,0.6
NR6A1,ANPEP,2,6,0.6
ATP9A,FLT1,0,6,0.6
GZMB,U3,0,6,0.6
CLC,IFI44L,2,6,0.6
CTLA4,NBL1,2,6,0.6
JCHAIN,GLI1,1,6,0.6
RORA,PML,1,6,0.6
CDKN1C,ZFPM2,2,6,0.6
IFI44,ISG15,0,6,0.6
PDZD4,CCR4,0,6,0.6
RORA,TMPRSS2,1,6,0.6
IL2RA,CCR3,1,6,0.6
IGHM,TENM1,2,6,0.6
BCL2L14,APOL2,2,6,0.6
RORA,CST7,2,6,0.6
FAM185A,PLCD3,2,6,0.6
ORM1,FIGLA,0,6,0.6
DHX58,TRIM14,0,6,0.6
RORA,OAS3,1,6,0.6
BMX,RORA,2,6,0.6
ZFPM2,CLC,0,6,0.6
BEX2,RORA,1,6,0.6
DDB1,NTRK1,1,6,0.6
SPDYA,ARHGEF10,1,6,0.6
DLG5,PLCD3,0,6,0.6
TMPRSS2,GBP7,1,6,0.6
ARHGEF10,KCNMA1,2,6,0.6
RORA,CHRNE,1,6,0.6
BEX2,AHDC1,2,6,0.6
USP18,IFIT3,0,6,0.6
FAM185A,MX2,2,6,0.6
FAM167B,HMGN3,2,6,0.6
CLC,TRDC,1,6,0.6
GBP7,FIGLA,2,6,0.6
FAM185A,RNF182,1,6,0.6
DENND5B,Metazoa_SRP,2,6,0.6
FIGLA,ARHGEF10,2,6,0.6
RNF213,LGALS3BP,0,6,0.6
NBL1,DLG5,1,6,0.6
S100A8,S100A12,0,6,0.6
RORA,FBXO39,1,6,0.6
HMGN3,CLDN7,0,6,0.6
U3,CXCL6,1,6,0.6
PGLYRP1,ENTPD3,0,6,0.6
MCEMP1,IL18RAP,0,6,0.6
TRIM6,MMP9,1,6,0.6
RORA,TRIM6,1,5,0.5
LANCL3,Metazoa_SRP,0,5,0.5
FAM167B,KCNH7,2,5,0.5
PAK3,EPX,2,5,0.5
VNN1,ORM1,0,5,0.5
CXCL6,CST7,2,5,0.5
DDB1,PLCD3,1,5,0.5
PLCD3,ZNF423,0,5,0.5
IGHM,IFI6,2,5,0.5
USP18,BMX,2,5,0.5
LANCL3,MARCO,2,5,0.5
DENND5B,LANCL3,1,5,0.5
ADAMDEC1,IFI27,1,5,0.5
PAK3,IL18R1,2,5,0.5
CABLES2,GBP3,1,5,0.5
KCNH7,RORA,2,5,0.5
CST7,PLAU,0,5,0.5
ARHGEF10,SPDYA,1,5,0.5
BEX2,PML,2,5,0.5
GPR15,LAPTM4B,1,5,0.5
ZNF423,VNN2,1,5,0.5
RNF213,S100A9,1,5,0.5
RORA,USP18,1,5,0.5
ZFPM2,CTLA4,1,5,0.5
CDKN1C,CPA3,2,5,0.5
SIK1,NTRK1,2,5,0.5
LANCL3,CLDN7,1,5,0.5
LANCL3,FIGLA,1,5,0.5
IGHM,TRIM14,2,5,0.5
IFI6,HERC5,0,5,0.5
CTLA4,FAM167B,1,5,0.5
ARHGEF10,IFIT3,2,5,0.5
RORA,TP53I11,2,5,0.5
ZFPM2,CCR3,0,5,0.5
CLC,ZFPM2,0,5,0.5
FAM185A,IRF7,2,5,0.5
BEX2,OAS3,2,5,0.5
CXCL6,ENTPD3,2,5,0.5
APOL2,GBP7,0,5,0.5
NR6A1,JCHAIN,2,5,0.5
NGFR,CDKN1C,2,5,0.5
DYSF,TRPM2,0,5,0.5
RORA,IFI27,1,5,0.5
GLI1,CSGALNACT1,2,5,0.5
TRIM14,FAM216B,0,5,0.5
CYP4F22,IL2RA,1,5,0.5
FIGLA,CYP4F22,0,5,0.5
RORA,APOL2,2,5,0.5
ARHGEF10,NGFR,2,5,0.5
TRDC,CLNK,2,5,0.5
FLT1,JCHAIN,0,5,0.5
CLC,IFIT3,2,5,0.5
CXCL6,ZNF423,2,5,0.5
NBL1,OLFM4,2,5,0.5
IGHM,RNU6-1188P,1,5,0.5
OAS3,HSH2D,0,5,0.5
RORA,IFI6,1,5,0.5
DDB1,LAPTM4B,1,5,0.5
DDB1,KCNH7,2,5,0.5
MX1,DDX60,0,5,0.5
CLNK,C1QA,1,5,0.5
TRDC,IFI44,2,5,0.5
ORM1,FLT1,2,5,0.5
RORA,SIK1,1,5,0.5
MX1,IFIT2,0,5,0.5
IFI44,CLNK,0,5,0.5
ZFPM2,USP18,2,5,0.5
GBP7,APOL6,0,5,0.5
LYPD8,KCNH7,0,5,0.5
TRIM14,DHX58,0,5,0.5
IL18R1,CYP4F22,0,5,0.5
PLCD3,MCEMP1,1,5,0.5
ENTPD3,VNN1,0,5,0.5
DDX60,ISG15,0,5,0.5
RORA,MX1,1,5,0.5
RORA,HERC5,1,5,0.5
OAS1,IFIT2,0,5,0.5
JCHAIN,OAS1,1,5,0.5
BEX2,ANPEP,2,5,0.5
RNF182,PAK3,1,5,0.5
ZNF423,EREG,1,5,0.5
GZMB,PRF1,0,5,0.5
SPDYA,U3,1,5,0.5
PDZD4,GPR15,0,5,0.5
RNF213,MCEMP1,1,5,0.5
TRIM6,MMP8,1,5,0.5
PLAU,ALPL,0,5,0.5
LEPR,YEATS4,0,5,0.5
RORA,IFI44,1,5,0.5
NGFR,KCTD14,0,5,0.5
IFI6,GZMB,0,5,0.5
ADAMDEC1,CDKN1C,0,5,0.5
IFI44,TENM1,0,5,0.5
S100A9,BMX,0,5,0.5
NBL1,IL18R1,1,5,0.5
GLI1,MMP9,2,5,0.5
CRISPLD2,CHRNE,0,5,0.5
EIF2AK2,FAM216B,0,5,0.5
GPR15,DSCC1,2,5,0.5
MMP1,RNU6-1188P,0,5,0.5
JCHAIN,RIGI,1,5,0.5
BEX2,ANPEP,1,5,0.5
MX2,OASL,0,5,0.5
GBP3,APOL6,0,5,0.5
CXCL6,ANPEP,2,5,0.5
SLC16A1,PRSS33,1,5,0.5
MX2,DHX58,0,5,0.5
LANCL3,PDZD4,1,5,0.5
PRSS33,IL2RA,2,5,0.5
IL2RA,MMP9,1,5,0.5
CLC,RIGI,2,5,0.5
S100A8,VNN2,0,5,0.5
IL18RAP,TRPM2,0,5,0.5
OLFM4,MMP1,0,5,0.5
CABLES2,PRSS33,1,5,0.5
RNF213,FAM216B,0,5,0.5
CLC,IFIT2,2,5,0.5
NTRK1,FAM185A,2,5,0.5
KCTD14,NGFR,0,5,0.5
RORA,MX2,1,5,0.5
GPR15,SPP1,1,5,0.5
ALPL,MARCO,0,5,0.5
ADAMTS14,CLDN7,2,5,0.5
RORA,FBLN2,2,5,0.5
FAM216B,RNF213,0,5,0.5
AREG,NTRK1,0,5,0.5
RORA,SIGLEC1,1,5,0.5
MMP10,S100A9,0,5,0.5
LANCL3,KCNMA1,1,5,0.5
NBL1,CPA3,2,5,0.5
PAK3,CLDN7,2,5,0.5
CABLES2,FZD4,1,5,0.5
CDKN1C,MMP1,1,5,0.5
FAM216B,SIGLEC1,0,5,0.5
RORA,IRF7,1,5,0.5
RORA,DENND5B,2,5,0.5
ZFPM2,GZMB,2,5,0.5
CSGALNACT1,CABLES2,0,5,0.5
MMP9,DYSF,0,5,0.5
IFI6,PCDH1,0,5,0.5
PAK3,CYP4F22,2,5,0.5
PRSS33,EPX,1,5,0.5
CXCL6,TRPM2,2,5,0.5
CRISPLD2,IL18R1,0,5,0.5
MMP9,PGLYRP1,0,5,0.5
TRDC,GZMB,1,4,0.4
SPDYA,CLTCL1,2,4,0.4
IFI44L,PRF1,0,4,0.4
ORM1,EPX,1,4,0.4
CABLES2,CLTCL1,1,4,0.4
GBP3,PCDH1,2,4,0.4
ARHGEF10,EREG,2,4,0.4
NBL1,FBLN2,2,4,0.4
NBL1,CCR4,2,4,0.4
EPX,CDKN1C,1,4,0.4
ADGRG3,CRISPLD2,0,4,0.4
IFI44L,IFI44,0,4,0.4
TRDC,ZFPM2,0,4,0.4
C1QA,CCR4,0,4,0.4
BEX2,DYSF,1,4,0.4
AREG,RNF182,2,4,0.4
MCEMP1,ATP9A,0,4,0.4
NBL1,CRISPLD2,1,4,0.4
PRF1,FGFBP2,0,4,0.4
CXCL6,DSCC1,2,4,0.4
GBP3,RORA,2,4,0.4
MCEMP1,S100A8,0,4,0.4
PLCD3,FAM167B,2,4,0.4
ARHGEF10,SPDYA,2,4,0.4
TP53I11,FADS3,0,4,0.4
BCL2L14,SPP1,0,4,0.4
DHX58,IRF7,0,4,0.4
NR6A1,Metazoa_SRP,0,4,0.4
IGHM,IFI6,1,4,0.4
SIK1,APOL2,1,4,0.4
NBL1,IRF7,1,4,0.4
CLTCL1,CXCL6,0,4,0.4
PAK3,ADGRG3,2,4,0.4
BEX2,SPP1,2,4,0.4
CXCL6,LYPD8,2,4,0.4
TMPRSS2,BCL2L14,1,4,0.4
OASL,MX2,0,4,0.4
NR6A1,SLC16A1,0,4,0.4
CRISPLD2,RNU6-1188P,0,4,0.4
RORA,OAS2,1,4,0.4
CLC,ISG15,2,4,0.4
CCR3,CPA3,0,4,0.4
FAM167B,ADAMDEC1,2,4,0.4
FGFBP2,DLG5,2,4,0.4
BEX2,LEPR,2,4,0.4
TP53I11,ADAMTS14,0,4,0.4
FAM167B,CLTCL1,2,4,0.4
S100A12,YES1,0,4,0.4
ARHGEF10,MMP10,2,4,0.4
C1QA,LAPTM4B,0,4,0.4
ZFPM2,FBXO39,2,4,0.4
CTLA4,EREG,0,4,0.4
SIGLEC1,RNF213,0,4,0.4
ARHGEF10,SIK1,2,4,0.4
PAK3,PDZD4,2,4,0.4
S100A12,S100A8,0,4,0.4
SPP1,NR6A1,0,4,0.4
ADGRG3,IL18R1,0,4,0.4
ARHGEF10,U3,2,4,0.4
DENND5B,PLAU,1,4,0.4
PGLYRP1,CRISPLD2,0,4,0.4
XAF1,DHX58,0,4,0.4
DYSF,OLFM4,0,4,0.4
NBL1,TRPM2,2,4,0.4
MX1,HERC5,0,4,0.4
IFI6,IFI44,0,4,0.4
MX2,MX1,0,4,0.4
NR2E1,FOSB,1,4,0.4
FGFBP2,TRDC,0,4,0.4
RORA,DHX58,1,4,0.4
NR6A1,SIGLEC1,2,4,0.4
FGFBP2,LGALS3BP,2,4,0.4
TRDC,JCHAIN,1,4,0.4
MMP1,MMP8,0,4,0.4
CLDN7,KCNMA1,0,4,0.4
OAS3,FAM216B,0,4,0.4
DSCC1,FAM185A,0,4,0.4
EREG,AREG,0,4,0.4
NR6A1,APOL2,1,4,0.4
PLAU,CXCL6,0,4,0.4
YEATS4,EQTN,0,4,0.4
NBL1,HMGN3,1,4,0.4
MMP8,RNU6-1188P,0,4,0.4
LANCL3,YES1,1,4,0.4
MARCO,JCHAIN,0,4,0.4
FGFBP2,CLC,2,4,0.4
ADAMDEC1,C1QA,0,4,0.4
CLC,MX1,2,4,0.4
JCHAIN,GPR15,0,4,0.4
IGHM,PCDH1,1,4,0.4
CLC,MX2,2,4,0.4
TMPRSS2,HSH2D,0,4,0.4
PML,NGFR,0,4,0.4
LANCL3,NR6A1,1,4,0.4
IL2RA,IL18RAP,1,4,0.4
PRF1,IFI44L,0,4,0.4
ADAMTS14,FGFBP2,2,4,0.4
XAF1,PAK3,0,4,0.4
FAM167B,NBL1,1,4,0.4
ARHGEF10,APOL6,2,4,0.4
CRISPLD2,MMP9,0,4,0.4
CTLA4,NTRK1,0,4,0.4
IGHM,IFI27,2,4,0.4
SPDYA,PAK3,2,4,0.4
IFI44L,COL11A1,0,4,0.4
FOSB,SIK1,0,4,0.4
MMP9,OLFM4,0,4,0.4
SPDYA,EREG,1,4,0.4
TRIM14,TMPRSS2,0,4,0.4
PAK3,BCL2L14,0,4,0.4
FAM216B,FBXO39,0,4,0.4
DDX60,USP18,0,4,0.4
JCHAIN,FGFBP2,1,4,0.4
GBP7,BCL2L14,0,4,0.4
CLC,TMPRSS2,2,4,0.4
APOL6,KCNMA1,0,4,0.4
IL2RA,ATP9A,1,4,0.4
MX1,IFI6,0,4,0.4
DSCC1,CLC,0,4,0.4
DDX60,IFI44,0,4,0.4
CTLA4,FAM185A,0,4,0.4
PRF1,GZMB,0,4,0.4
RORA,XAF1,1,4,0.4
ADGRG3,MMP9,0,4,0.4
ADAMDEC1,HMGN3,0,4,0.4
IRF7,PAK3,0,4,0.4
MMP8,MMP1,0,4,0.4
FGFBP2,ENTPD3,2,4,0.4
CDKN1C,OLFM4,2,4,0.4
SPDYA,CXCL6,2,4,0.4
DDB1,S100A12,2,4,0.4
RORA,BCL2L14,2,4,0.4
CLTCL1,IL2RA,0,4,0.4
SLC16A1,SPDYA,0,4,0.4
CDKN1C,MMP8,1,4,0.4
ALPL,FLT1,0,4,0.4
LANCL3,BMX,1,4,0.4
FAM167B,CLDN7,2,4,0.4
NTRK1,EREG,0,4,0.4
RIGI,IFIT3,0,4,0.4
IFI44L,RIGI,0,4,0.4
ADAMTS14,TRDC,2,4,0.4
FAM167B,C1QA,2,4,0.4
RORA,HSH2D,1,4,0.4
PAK3,ORM1,1,4,0.4
KCTD14,NR6A1,1,4,0.4
MARCO,IGHM,1,4,0.4
FAM167B,KCNMA1,2,4,0.4
MT-ND2,CTLA4,0,4,0.4
BEX2,OAS2,2,4,0.4
CLDN7,HMGN3,0,4,0.4
CSGALNACT1,CRISPLD2,0,4,0.4
NGFR,AREG,1,4,0.4
OAS3,LGALS3BP,0,4,0.4
BEX2,EQTN,2,4,0.4
FLT1,CDKN1C,0,4,0.4
ADAMDEC1,CLDN7,0,4,0.4
FAM185A,DDB1,2,4,0.4
NGFR,YEATS4,1,4,0.4
IGHM,HSH2D,2,4,0.4
CDKN1C,DYSF,2,4,0.4
MCEMP1,YES1,0,4,0.4
NTRK1,FAM185A,0,4,0.4
IFI44,IFI44L,0,4,0.4
U3,FAM185A,1,4,0.4
IRF7,CST7,1,4,0.4
FBLN2,ARHGEF10,1,4,0.4
C1QA,CPA3,1,4,0.4
KCNH7,TRDC,2,4,0.4
DHX58,OAS2,0,4,0.4
S100A12,FAM167B,0,4,0.4
NR6A1,LEPR,2,4,0.4
LGALS3BP,S100A8,1,4,0.4
XAF1,IRF7,0,4,0.4
Metazoa_SRP,NR6A1,0,4,0.4
EREG,SIK1,0,4,0.4
MX2,CLNK,0,4,0.4
AREG,CTLA4,0,4,0.4
SLC16A1,FADS3,1,4,0.4
LGALS3BP,RNF213,0,4,0.4
RORA,S100A9,2,4,0.4
JCHAIN,IFI44,1,4,0.4
RNF213,NGFR,0,4,0.4
BEX2,EIF2AK2,2,4,0.4
GPR15,S100A8,2,4,0.4
SIK1,KCTD14,0,4,0.4
RORA,LAPTM4B,1,4,0.4
BEX2,RNF213,2,4,0.4
ENTPD3,DYSF,0,4,0.4
FAM167B,MT-ND2,2,4,0.4
CLC,SLC16A1,0,4,0.4
GLI1,CRISPLD2,2,4,0.4
DENND5B,SPDYA,1,4,0.4
RSAD2,TRDC,0,4,0.4
CLC,DDX60,2,4,0.4
FAM185A,PAK3,2,4,0.4
CTLA4,AREG,1,4,0.4
RORA,AHDC1,1,4,0.4
TMPRSS2,OAS3,0,4,0.4
IL2RA,MARCO,2,4,0.4
LANCL3,CSGALNACT1,1,4,0.4
LANCL3,FBLN2,1,4,0.4
SLC16A1,RNF182,2,4,0.4
BMX,S100A12,0,4,0.4
RORA,OLFM4,1,4,0.4
TMPRSS2,FOSB,0,4,0.4
RORA,DDX60,1,4,0.4
PLCD3,PGLYRP1,0,4,0.4
SPDYA,DDB1,0,4,0.4
C1QA,ADGRG3,1,4,0.4
ISG15,OAS1,0,4,0.4
MT-ND2,EREG,0,4,0.4
EPX,IL2RA,1,4,0.4
BEX2,SLC16A1,2,4,0.4
MMP1,ZFPM2,1,4,0.4
SIK1,EQTN,1,4,0.4
EIF2AK2,KCTD14,0,4,0.4
IL18RAP,ALPL,0,4,0.4
FOSB,KCNH7,2,4,0.4
IFIT2,IFI27,0,4,0.4
CRISPLD2,MMP1,0,4,0.4
GBP3,SPDYA,0,4,0.4
GLI1,IGHM,0,4,0.4
ZFPM2,CPA3,0,4,0.4
ARHGEF10,BEX2,2,4,0.4
VNN1,IL18R1,0,4,0.4
COL11A1,FGFBP2,0,4,0.4
IRF7,GBP3,0,4,0.4
ZFPM2,FGFBP2,2,4,0.4
CLC,PRF1,2,4,0.4
AHDC1,CCR4,1,4,0.4
DDB1,CLTCL1,1,4,0.4
BEX2,MX2,2,4,0.4
TENM1,FBXO39,0,4,0.4
TRPM2,DYSF,0,4,0.4
IFIT3,IFI44L,0,4,0.4
LGALS3BP,PLAU,1,4,0.4
SIGLEC1,SIK1,0,4,0.4
MCEMP1,MMP10,0,4,0.4
CLNK,CLTCL1,1,4,0.4
CLC,RSAD2,2,4,0.4
OAS3,TMPRSS2,0,4,0.4
NR6A1,EQTN,0,4,0.4
S100A9,VNN1,0,4,0.4
IL18R1,ENTPD3,0,4,0.4
TRDC,PCDH1,2,4,0.4
MMP8,OLFM4,0,4,0.4
EIF2AK2,TMPRSS2,0,4,0.4
ARHGEF10,KCTD14,2,4,0.4
EIF2AK2,OAS3,0,4,0.4
U3,PRF1,2,4,0.4
OLFM4,CST7,0,4,0.4
FBLN2,NR6A1,0,4,0.4
PRSS33,NBL1,2,4,0.4
CXCL6,DYSF,2,4,0.4
RORA,PLAU,2,4,0.4
ENTPD3,IL18R1,0,4,0.4
BEX2,NR6A1,2,4,0.4
BMX,VNN1,0,4,0.4
TRIM6,LGALS3BP,0,4,0.4
GLI1,MMP8,2,4,0.4
ATP9A,NR2E1,0,4,0.4
IGHM,OAS2,2,4,0.4
DDB1,CLC,1,4,0.4
TRDC,PRF1,1,4,0.4
ZNF423,FADS3,0,4,0.4
ZNF423,GBP7,2,4,0.4
TRDC,XAF1,2,4,0.4
FAM216B,OAS3,0,4,0.4
IL2RA,GPR15,1,4,0.4
LEPR,ALPL,1,4,0.4
IFIT3,PRF1,0,3,0.3
VNN2,PLAU,0,3,0.3
IFIT2,OAS1,0,3,0.3
SIK1,FOSB,0,3,0.3
NR6A1,LGALS3BP,2,3,0.3
PDZD4,CLDN7,0,3,0.3
CSGALNACT1,ZFPM2,1,3,0.3
ARHGEF10,TP53I11,2,3,0.3
MCEMP1,VNN2,0,3,0.3
MX1,OAS1,0,3,0.3
CLC,USP18,2,3,0.3
LEPR,DYSF,1,3,0.3
TMPRSS2,SIGLEC1,0,3,0.3
RORA,S100A8,2,3,0.3
RORA,IFI44L,1,3,0.3
CSGALNACT1,CCR3,1,3,0.3
COL11A1,HSH2D,1,3,0.3
CLC,OAS2,2,3,0.3
RNU6-1188P,BCL2L14,2,3,0.3
RORA,ARHGEF10,2,3,0.3
RNF182,PRSS33,0,3,0.3
VNN1,LANCL3,0,3,0.3
FAM167B,PLCD3,2,3,0.3
C1QA,CDKN1C,0,3,0.3
CABLES2,KCNMA1,1,3,0.3
GPR15,LAPTM4B,2,3,0.3
RNF213,TRIM6,0,3,0.3
IL18R1,CRISPLD2,0,3,0.3
MT-ND2,ADAMDEC1,0,3,0.3
CABLES2,DDB1,1,3,0.3
FBXO39,TP53I11,1,3,0.3
IGHM,MMP1,2,3,0.3
DENND5B,GPR15,0,3,0.3
S100A8,PLAU,0,3,0.3
ARHGEF10,BMX,2,3,0.3
MX2,DDX60,0,3,0.3
CXCL6,PGLYRP1,2,3,0.3
ARHGEF10,ADAMTS14,1,3,0.3
IL2RA,CST7,1,3,0.3
IRF7,GBP7,0,3,0.3
OAS3,RNF213,0,3,0.3
AHDC1,MMP10,1,3,0.3
FAM185A,VNN2,1,3,0.3
RNF213,PML,0,3,0.3
GBP3,KCNMA1,0,3,0.3
USP18,ORM1,2,3,0.3
OAS3,TRIM6,0,3,0.3
CLTCL1,CLC,1,3,0.3
CHRNE,ANPEP,0,3,0.3
Metazoa_SRP,FBLN2,0,3,0.3
IGHM,RIGI,2,3,0.3
ADGRG3,ORM1,0,3,0.3
IGHM,OASL,2,3,0.3
LANCL3,CYP4F22,0,3,0.3
KCTD14,U3,0,3,0.3
PGLYRP1,DYSF,0,3,0.3
USP18,IGHM,2,3,0.3
NBL1,CSGALNACT1,1,3,0.3
ADAMTS14,ADAMDEC1,2,3,0.3
CXCL6,TRDC,2,3,0.3
AREG,SIK1,0,3,0.3
GLI1,CDKN1C,1,3,0.3
FLT1,TENM1,1,3,0.3
IL2RA,NBL1,0,3,0.3
CCR3,GBP3,0,3,0.3
CXCL6,RORA,2,3,0.3
TRPM2,MMP8,0,3,0.3
OAS3,EIF2AK2,0,3,0.3
DHX58,PML,0,3,0.3
MX1,MX2,0,3,0.3
OASL,OAS2,0,3,0.3
SIGLEC1,KCTD14,0,3,0.3
PRSS33,GLI1,0,3,0.3
ARHGEF10,BEX2,0,3,0.3
ZNF423,BMX,1,3,0.3
CSGALNACT1,MMP1,0,3,0.3
FAM167B,DDB1,1,3,0.3
HSH2D,TMPRSS2,0,3,0.3
RORA,MT-ND2,2,3,0.3
U3,FZD4,0,3,0.3
NBL1,S100A8,2,3,0.3
ARHGEF10,SIGLEC1,1,3,0.3
LEPR,BCL2L14,1,3,0.3
EIF2AK2,RNF213,0,3,0.3
USP18,Metazoa_SRP,2,3,0.3
RNF182,FAM167B,0,3,0.3
FAM185A,CTLA4,0,3,0.3
DDX60,MX2,0,3,0.3
CABLES2,KCTD14,1,3,0.3
SIK1,SPDYA,2,3,0.3
IFI6,DDX60,0,3,0.3
S100A12,MCEMP1,0,3,0.3
RORA,PRF1,1,3,0.3
SIGLEC1,FOSB,0,3,0.3
DDX60,PCDH1,0,3,0.3
IL18R1,RNU6-1188P,0,3,0.3
FAM216B,TMPRSS2,0,3,0.3
IFI44L,GZMB,0,3,0.3
DDX60,XAF1,0,3,0.3
NR6A1,FLT1,1,3,0.3
YES1,DLG5,1,3,0.3
OAS3,AHDC1,0,3,0.3
ZNF423,S100A12,1,3,0.3
IRF7,VNN1,1,3,0.3
LAPTM4B,FZD4,1,3,0.3
CST7,MMP9,0,3,0.3
CLC,FLT1,1,3,0.3
TRPM2,KCNH7,0,3,0.3
RORA,TENM1,1,3,0.3
IRF7,APOL6,0,3,0.3
ISG15,RSAD2,0,3,0.3
RORA,SPP1,2,3,0.3
CST7,MMP8,0,3,0.3
ARHGEF10,S100A9,2,3,0.3
HSH2D,TENM1,0,3,0.3
RNF213,VNN1,1,3,0.3
RIGI,PRF1,0,3,0.3
DSCC1,ZFPM2,0,3,0.3
RORA,GBP3,1,3,0.3
TRIM14,OAS3,0,3,0.3
ZFPM2,DSCC1,0,3,0.3
JCHAIN,GZMB,1,3,0.3
CXCL6,ZFPM2,2,3,0.3
LANCL3,S100A9,1,3,0.3
NBL1,CYP4F22,1,3,0.3
AHDC1,IL2RA,0,3,0.3
TP53I11,CXCL6,0,3,0.3
SPDYA,BEX2,1,3,0.3
ADGRG3,PGLYRP1,0,3,0.3
RNF213,SIGLEC1,0,3,0.3
OAS1,XAF1,0,3,0.3
RORA,LEPR,1,3,0.3
AREG,EREG,0,3,0.3
SLC16A1,FAM167B,2,3,0.3
ENTPD3,PGLYRP1,0,3,0.3
NTRK1,DSCC1,2,3,0.3
PLAU,NBL1,2,3,0.3
GPR15,ADAMDEC1,1,3,0.3
CDKN1C,ADAMDEC1,0,3,0.3
CCR3,ZFPM2,0,3,0.3
TRDC,CCR3,0,3,0.3
IL18RAP,VNN2,0,3,0.3
IFI44L,IFI6,0,3,0.3
TRDC,CLNK,1,3,0.3
RORA,NR6A1,1,3,0.3
ARHGEF10,AREG,2,3,0.3
S100A9,ORM1,0,3,0.3
OAS2,OASL,0,3,0.3
ZNF423,PRSS33,0,3,0.3
CCR4,DENND5B,0,3,0.3
GPR15,CABLES2,2,3,0.3
TMPRSS2,SIK1,0,3,0.3
NGFR,BCL2L14,2,3,0.3
CLC,SPP1,0,3,0.3
NR6A1,AHDC1,2,3,0.3
PGLYRP1,ADAMTS14,0,3,0.3
CLC,OAS1,2,3,0.3
OLFM4,FZD4,0,3,0.3
BCL2L14,APOL6,0,3,0.3
FGFBP2,TRIM6,2,3,0.3
EIF2AK2,TRIM6,0,3,0.3
ORM1,BMX,0,3,0.3
ATP9A,TRPM2,0,3,0.3
NBL1,CCR3,2,3,0.3
ARHGEF10,LYPD8,2,3,0.3
CLDN7,CCR4,0,3,0.3
AREG,EQTN,2,3,0.3
PLAU,MARCO,0,3,0.3
IFIT2,MX1,0,3,0.3
ADAMTS14,TP53I11,0,3,0.3
DDB1,LYPD8,1,3,0.3
CCR3,EPX,0,3,0.3
ARHGEF10,CCR4,2,3,0.3
ARHGEF10,PRSS33,2,3,0.3
CDKN1C,EPX,1,3,0.3
NBL1,S100A9,2,3,0.3
PGLYRP1,MMP9,0,3,0.3
FBXO39,ADAMTS14,1,3,0.3
FOSB,LANCL3,2,3,0.3
FBXO39,FOSB,0,3,0.3
TRIM14,EIF2AK2,0,3,0.3
LANCL3,IGHM,1,3,0.3
RIGI,IFI44L,0,3,0.3
LEPR,LAPTM4B,0,3,0.3
IL18RAP,MMP10,0,3,0.3
NR2E1,KCNH7,0,3,0.3
IGHM,FLT1,0,3,0.3
GPR15,JCHAIN,2,3,0.3
RORA,CPA3,1,3,0.3
RNF213,IL18RAP,1,3,0.3
CHRNE,AHDC1,0,3,0.3
VNN2,S100A8,0,3,0.3
U3,NGFR,1,3,0.3
APOL2,SPP1,0,3,0.3
CRISPLD2,CSGALNACT1,0,3,0.3
ARHGEF10,SLC16A1,2,3,0.3
CYP4F22,Metazoa_SRP,0,3,0.3
NBL1,KCNH7,1,3,0.3
AREG,PDZD4,0,3,0.3
XAF1,IFI27,0,3,0.3
MMP10,S100A8,0,3,0.3
FLT1,GLI1,2,3,0.3
BEX2,DDX60,2,3,0.3
MCEMP1,ALPL,0,3,0.3
DDB1,PLAU,2,3,0.3
SPDYA,AREG,1,3,0.3
FLT1,IGHM,0,3,0.3
FAM167B,CLNK,1,3,0.3
OAS2,TRIM14,0,3,0.3
TRIM14,OAS2,0,3,0.3
FAM167B,HSH2D,2,3,0.3
BEX2,SIGLEC1,2,3,0.3
GPR15,JCHAIN,1,3,0.3
DLG5,S100A9,1,3,0.3
GPR15,HMGN3,2,3,0.3
SLC16A1,Metazoa_SRP,0,3,0.3
SIGLEC1,BMX,1,3,0.3
DYSF,ALPL,0,3,0.3
ARHGEF10,CABLES2,1,3,0.3
CDKN1C,HMGN3,1,3,0.3
APOL2,BCL2L14,0,3,0.3
TRIM14,HSH2D,0,3,0.3
RORA,NGFR,1,3,0.3
RORA,DLG5,1,3,0.3
PLCD3,NBL1,0,3,0.3
SLC16A1,NR2E1,1,3,0.3
PRSS33,CCR3,1,3,0.3
AHDC1,FBLN2,1,3,0.3
DDX60,IFI27,0,3,0.3
CLTCL1,ORM1,0,3,0.3
RORA,EQTN,1,3,0.3
NR6A1,RNU6-1188P,1,3,0.3
TRDC,FGFBP2,0,3,0.3
LYPD8,ADAMTS14,0,3,0.3
EQTN,YEATS4,0,3,0.3
IL2RA,TRPM2,1,3,0.3
APOL2,FLT1,1,3,0.3
COL11A1,TRDC,0,3,0.3
ANPEP,YEATS4,1,3,0.3
IRF7,DLG5,1,3,0.3
CXCL6,NBL1,0,3,0.3
GBP7,APOL2,0,3,0.3
SPDYA,RNF182,1,3,0.3
SIGLEC1,FAM216B,0,3,0.3
ADGRG3,MMP8,0,3,0.3
TRIM6,LANCL3,0,3,0.3
DDB1,TRIM6,1,3,0.3
ADAMDEC1,U3,1,3,0.3
KCTD14,TP53I11,1,3,0.3
MMP10,YES1,0,3,0.3
CRISPLD2,CLTCL1,0,3,0.3
PGLYRP1,ZNF423,0,3,0.3
RORA,VNN1,2,3,0.3
AHDC1,SPP1,1,3,0.3
PRSS33,RNF182,0,3,0.3
DDB1,ZNF423,1,3,0.3
JCHAIN,RSAD2,1,3,0.3
RIGI,FGFBP2,0,3,0.3
SPP1,CLC,0,3,0.3
RORA,CLTCL1,2,3,0.3
MCEMP1,S100A12,0,3,0.3
RORA,GBP7,2,3,0.3
IFI6,ISG15,0,3,0.3
SPDYA,DSCC1,2,3,0.3
TRIM14,TRIM6,0,3,0.3
ARHGEF10,NR6A1,2,3,0.3
BEX2,CLC,2,3,0.3
TRPM2,ATP9A,0,3,0.3
SIGLEC1,LGALS3BP,0,3,0.3
NR6A1,PML,2,3,0.3
NBL1,FIGLA,2,3,0.3
BEX2,TENM1,2,3,0.3
BEX2,FOSB,2,3,0.3
MT-ND2,CHRNE,1,3,0.3
CABLES2,BEX2,1,3,0.3
DDB1,SPDYA,2,3,0.3
BMX,ORM1,0,3,0.3
RORA,IFIT3,1,3,0.3
NGFR,LYPD8,1,3,0.3
FLT1,HERC5,1,3,0.3
RIGI,IFIT2,0,3,0.3
GPR15,S100A12,2,3,0.3
EIF2AK2,DHX58,0,3,0.3
BMX,ADGRG3,0,3,0.3
DYSF,NR2E1,0,3,0.3
CLC,OAS3,2,3,0.3
CRISPLD2,ENTPD3,0,3,0.3
PRF1,COL11A1,0,3,0.3
OAS3,SIGLEC1,0,3,0.3
TRIM14,FBXO39,0,3,0.3
TENM1,FOSB,0,3,0.3
IGHM,IFIT3,2,3,0.3
EPX,CPA3,0,3,0.3
YES1,PAK3,1,3,0.3
RORA,HMGN3,1,3,0.3
SLC16A1,DDB1,0,3,0.3
HMGN3,DENND5B,0,3,0.3
GPR15,JCHAIN,0,3,0.3
BEX2,FAM216B,2,3,0.3
CRISPLD2,DLG5,0,3,0.3
IFIT3,RSAD2,0,3,0.3
LYPD8,TP53I11,0,3,0.3
ARHGEF10,IFIT2,2,3,0.3
PCDH1,LANCL3,0,3,0.3
DDB1,IRF7,1,3,0.3
S100A9,MCEMP1,0,3,0.3
IFI6,USP18,0,3,0.3
BEX2,GZMB,2,3,0.3
KCTD14,APOL2,2,3,0.3
ARHGEF10,GBP3,2,3,0.3
YEATS4,LEPR,0,3,0.3
SLC16A1,SIK1,2,3,0.3
LANCL3,CCR4,1,3,0.3
IFI44L,IFIT3,0,3,0.3
FGFBP2,LANCL3,2,3,0.3
CLC,CCR3,0,3,0.3
RSAD2,XAF1,1,3,0.3
CXCL6,GPR15,2,3,0.3
ANPEP,CXCL6,2,3,0.3
TRPM2,ALPL,0,3,0.3
ATP9A,KCNH7,0,3,0.3
MX1,USP18,0,3,0.3
BEX2,DHX58,2,3,0.3
PRSS33,FADS3,0,3,0.3
NBL1,ATP9A,2,3,0.3
GBP3,CCR3,0,3,0.3
IFIT3,IFIT2,0,3,0.3
FLT1,JCHAIN,1,3,0.3
ADGRG3,FAM167B,0,3,0.3
FAM167B,BEX2,0,3,0.3
PLAU,VNN2,0,3,0.3
S100A9,MMP10,0,3,0.3
RNF182,BEX2,0,3,0.3
PML,RNF213,0,3,0.3
GPR15,EPX,1,3,0.3
ADAMTS14,RNF182,2,3,0.3
ISG15,IFI44L,0,3,0.3
JCHAIN,HERC5,1,3,0.3
LANCL3,Metazoa_SRP,1,3,0.3
ARHGEF10,GZMB,2,3,0.3
CDKN1C,CSGALNACT1,1,3,0.3
CABLES2,CHRNE,2,3,0.3
CDKN1C,FLT1,0,3,0.3
BEX2,TRIM14,2,3,0.3
FADS3,CABLES2,2,3,0.3
NTRK1,PAK3,2,3,0.3
ORM1,CLTCL1,0,3,0.3
Metazoa_SRP,CYP4F22,0,3,0.3
DENND5B,C1QA,0,3,0.3
C1QA,ADAMDEC1,0,3,0.3
CLNK,LANCL3,0,3,0.3
ARHGEF10,OAS1,2,3,0.3
NBL1,LYPD8,1,3,0.3
PRSS33,CDKN1C,2,3,0.3
TRIM6,IL2RA,0,3,0.3
GZMB,FGFBP2,0,3,0.3
DDB1,SLC16A1,0,3,0.3
NR2E1,ZNF423,0,3,0.3
S100A8,MCEMP1,0,3,0.3
IFI27,U3,0,3,0.3
FADS3,FAM167B,1,3,0.3
APOL2,FBLN2,0,3,0.3
NGFR,FLT1,2,3,0.3
S100A9,S100A12,0,3,0.3
PRSS33,CYP4F22,1,3,0.3
AHDC1,LAPTM4B,1,3,0.3
OAS2,DHX58,0,3,0.3
FLT1,MARCO,0,3,0.3
ZFPM2,SLC16A1,0,3,0.3
RNF213,KCTD14,0,3,0.3
ARHGEF10,DDB1,2,3,0.3
TRDC,MX1,1,3,0.3
TRIM6,PAK3,0,3,0.3
APOL6,GBP3,0,3,0.3
CLC,EPX,0,3,0.3
RORA,IL18RAP,2,3,0.3
FBXO39,SIGLEC1,0,3,0.3
IFIT3,IFI27,0,3,0.3
IL18RAP,YES1,0,3,0.3
KCNMA1,CCR4,0,3,0.3
DDB1,PDZD4,2,3,0.3
CPA3,DENND5B,0,3,0.3
EPX,CCR3,0,3,0.3
JCHAIN,LEPR,0,3,0.3
CST7,OLFM4,0,3,0.3
NGFR,ZFPM2,2,3,0.3
GPR15,IL2RA,2,3,0.3
DLG5,S100A8,1,3,0.3
APOL2,APOL6,0,3,0.3
YES1,FAM185A,2,3,0.3
MX1,RIGI,0,3,0.3
LEPR,JCHAIN,0,3,0.3
DYSF,CYP4F22,2,3,0.3
NR6A1,GPR15,2,3,0.3
IFI44L,HERC5,0,3,0.3
GPR15,CDKN1C,2,3,0.3
LYPD8,ZNF423,0,3,0.3
BEX2,HSH2D,2,3,0.3
MX2,TMPRSS2,0,3,0.3
PLAU,BEX2,1,3,0.3
FBLN2,Metazoa_SRP,0,3,0.3
ARHGEF10,MARCO,2,3,0.3
ZNF423,APOL2,2,3,0.3
SLC16A1,DSCC1,0,3,0.3
CHRNE,RNU6-1188P,0,3,0.3
IL18R1,CABLES2,0,3,0.3
USP18,PCDH1,0,2,0.2
SPP1,DENND5B,2,2,0.2
NR6A1,TMPRSS2,2,2,0.2
AHDC1,CABLES2,0,2,0.2
ORM1,AHDC1,1,2,0.2
PGLYRP1,ANPEP,0,2,0.2
IFI44L,IFIT2,0,2,0.2
FLT1,GZMB,1,2,0.2
MMP9,CST7,0,2,0.2
NBL1,PLCD3,1,2,0.2
EIF2AK2,OAS2,0,2,0.2
RIGI,IFI44,0,2,0.2
Metazoa_SRP,CABLES2,0,2,0.2
GLI1,IL2RA,1,2,0.2
SPP1,CABLES2,2,2,0.2
MMP9,CHRNE,0,2,0.2
RORA,FADS3,2,2,0.2
DDB1,NR2E1,2,2,0.2
FAM185A,LGALS3BP,2,2,0.2
CDKN1C,IGHM,0,2,0.2
GPR15,YEATS4,1,2,0.2
COL11A1,CLNK,0,2,0.2
NBL1,MMP10,2,2,0.2
GBP7,CCR4,2,2,0.2
GPR15,CLDN7,1,2,0.2
ALPL,GPR15,1,2,0.2
FAM167B,PRSS33,0,2,0.2
SLC16A1,NR6A1,0,2,0.2
FAM185A,COL11A1,2,2,0.2
PRSS33,BEX2,0,2,0.2
NBL1,PGLYRP1,1,2,0.2
IFIT2,IFIT3,0,2,0.2
VNN1,S100A9,0,2,0.2
KCNMA1,NGFR,0,2,0.2
YEATS4,CXCL6,1,2,0.2
ISG15,CLNK,0,2,0.2
IGHM,GLI1,0,2,0.2
OAS2,XAF1,0,2,0.2
BEX2,HMGN3,2,2,0.2
CPA3,CCR3,0,2,0.2
VNN1,ADGRG3,0,2,0.2
OAS2,EIF2AK2,0,2,0.2
FAM185A,NTRK1,0,2,0.2
JCHAIN,IFI27,1,2,0.2
CABLES2,MARCO,1,2,0.2
IL18RAP,MCEMP1,0,2,0.2
DDB1,ADAMTS14,1,2,0.2
GPR15,SPP1,2,2,0.2
FGFBP2,DENND5B,2,2,0.2
BEX2,FLT1,1,2,0.2
FAM185A,FGFBP2,1,2,0.2
CCR3,SPDYA,0,2,0.2
EQTN,BEX2,0,2,0.2
RORA,CLC,1,2,0.2
BEX2,U3,1,2,0.2
KCTD14,SIK1,0,2,0.2
TRPM2,ENTPD3,0,2,0.2
RORA,MCEMP1,2,2,0.2
RORA,SLC16A1,1,2,0.2
FAM216B,NGFR,0,2,0.2
XAF1,OASL,0,2,0.2
ARHGEF10,APOL2,1,2,0.2
RORA,IFIT2,1,2,0.2
FADS3,NR6A1,0,2,0.2
C1QA,HMGN3,0,2,0.2
TP53I11,CLTCL1,0,2,0.2
ADAMTS14,MARCO,1,2,0.2
RNU6-1188P,ALPL,2,2,0.2
EIF2AK2,TRIM14,0,2,0.2
JCHAIN,TENM1,1,2,0.2
IFIT3,USP18,0,2,0.2
CLC,TRDC,2,2,0.2
NTRK1,AREG,0,2,0.2
TRIM6,NR2E1,1,2,0.2
OAS2,OAS3,0,2,0.2
BEX2,ISG15,2,2,0.2
CTLA4,RSAD2,1,2,0.2
FADS3,EQTN,0,2,0.2
SPP1,EQTN,0,2,0.2
IGHM,FAM216B,2,2,0.2
ADAMTS14,IL18RAP,2,2,0.2
TRDC,RIGI,1,2,0.2
LAPTM4B,LEPR,0,2,0.2
SPDYA,Metazoa_SRP,1,2,0.2
MCEMP1,BMX,0,2,0.2
Metazoa_SRP,DDB1,0,2,0.2
JCHAIN,IFI44L,1,2,0.2
IFI44L,FGFBP2,0,2,0.2
DENND5B,VNN1,2,2,0.2
FLT1,IFI44L,1,2,0.2
ADGRG3,KCNH7,0,2,0.2
CSGALNACT1,FIGLA,0,2,0.2
MMP9,IL18R1,0,2,0.2
NR6A1,RNF213,2,2,0.2
FAM167B,ADGRG3,2,2,0.2
SPDYA,SLC16A1,0,2,0.2
BCL2L14,FBLN2,0,2,0.2
COL11A1,GZMB,0,2,0.2
GPR15,AHDC1,1,2,0.2
FAM167B,YES1,1,2,0.2
LANCL3,ORM1,1,2,0.2
IGHM,ISG15,2,2,0.2
CLNK,PAK3,0,2,0.2
IL18RAP,ATP9A,0,2,0.2
RORA,ALPL,2,2,0.2
AREG,LYPD8,2,2,0.2
YEATS4,GPR15,2,2,0.2
PGLYRP1,DLG5,0,2,0.2
FIGLA,CHRNE,1,2,0.2
NGFR,MMP10,1,2,0.2
XAF1,GBP7,0,2,0.2
IFI44,COL11A1,0,2,0.2
TRDC,IFI27,2,2,0.2
OAS2,IRF7,0,2,0.2
TRDC,FOSB,1,2,0.2
LANCL3,RNU6-1188P,1,2,0.2
OASL,TRIM14,0,2,0.2
CCR4,GPR15,0,2,0.2
CDKN1C,IL18R1,1,2,0.2
GPR15,TRDC,1,2,0.2
MCEMP1,S100A9,0,2,0.2
PLCD3,DLG5,0,2,0.2
ISG15,MX2,0,2,0.2
FADS3,PLAU,2,2,0.2
TRDC,COL11A1,1,2,0.2
NR2E1,NBL1,2,2,0.2
RSAD2,TRIM14,1,2,0.2
FAM185A,OAS2,2,2,0.2
ENTPD3,CRISPLD2,0,2,0.2
ISG15,PCDH1,0,2,0.2
DENND5B,MT-ND2,0,2,0.2
AREG,GBP7,1,2,0.2
CXCL6,SPDYA,1,2,0.2
DDX60,HSH2D,0,2,0.2
TRIM6,ENTPD3,1,2,0.2
NR2E1,LYPD8,0,2,0.2
ADAMDEC1,CPA3,1,2,0.2
CDKN1C,HMGN3,0,2,0.2
ADGRG3,CSGALNACT1,0,2,0.2
CABLES2,FADS3,2,2,0.2
MMP9,VNN1,0,2,0.2
CXCL6,NTRK1,2,2,0.2
MX1,IFI44L,0,2,0.2
C1QA,KCNMA1,0,2,0.2
TRIM14,IRF7,0,2,0.2
SPP1,LAPTM4B,0,2,0.2
CRISPLD2,PLCD3,0,2,0.2
NBL1,TRIM6,1,2,0.2
AHDC1,YES1,1,2,0.2
MX2,EIF2AK2,0,2,0.2
NR6A1,YEATS4,2,2,0.2
TMPRSS2,PAK3,1,2,0.2
MMP9,CSGALNACT1,0,2,0.2
USP18,XAF1,1,2,0.2
ARHGEF10,C1QA,2,2,0.2
ISG15,IFI44,0,2,0.2
VNN1,TP53I11,0,2,0.2
RORA,FIGLA,2,2,0.2
JCHAIN,YEATS4,0,2,0.2
SIGLEC1,OAS3,0,2,0.2
EQTN,LEPR,0,2,0.2
TRIM14,PML,0,2,0.2
ARHGEF10,Metazoa_SRP,2,2,0.2
SPDYA,PRF1,1,2,0.2
TRDC,IFIT3,1,2,0.2
MX1,IFI44,0,2,0.2
VNN1,BMX,0,2,0.2
NR6A1,DLG5,2,2,0.2
ANPEP,FADS3,1,2,0.2
MMP1,CABLES2,0,2,0.2
GBP3,CLC,0,2,0.2
COL11A1,RORA,0,2,0.2
BEX2,RNF182,0,2,0.2
FAM167B,EREG,2,2,0.2
CDKN1C,TENM1,1,2,0.2
ENTPD3,TRPM2,0,2,0.2
BEX2,MMP10,2,2,0.2
U3,CTLA4,2,2,0.2
FAM185A,XAF1,2,2,0.2
APOL6,APOL2,0,2,0.2
FAM185A,OASL,2,2,0.2
CLC,XAF1,2,2,0.2
TP53I11,ZNF423,0,2,0.2
RIGI,OAS1,0,2,0.2
ISG15,HERC5,0,2,0.2
JCHAIN,IFI6,1,2,0.2
CSGALNACT1,RNU6-1188P,0,2,0.2
NTRK1,PDZD4,1,2,0.2
IL2RA,DENND5B,1,2,0.2
BEX2,CYP4F22,1,2,0.2
MMP9,PLCD3,0,2,0.2
PDZD4,EPX,0,2,0.2
CLTCL1,NBL1,0,2,0.2
DLG5,LANCL3,0,2,0.2
SLC16A1,BCL2L14,1,2,0.2
CDKN1C,CABLES2,1,2,0.2
NR6A1,SPP1,0,2,0.2
NGFR,NR6A1,1,2,0.2
FBLN2,BCL2L14,0,2,0.2
ENTPD3,LYPD8,0,2,0.2
S100A12,VNN2,0,2,0.2
FAM216B,EIF2AK2,0,2,0.2
AHDC1,LEPR,1,2,0.2
LEPR,ADAMDEC1,0,2,0.2
NR2E1,PRSS33,0,2,0.2
APOL2,GBP3,0,2,0.2
BEX2,XAF1,2,2,0.2
BCL2L14,CDKN1C,1,2,0.2
IGHM,RNF213,2,2,0.2
LAPTM4B,SPP1,0,2,0.2
ENTPD3,ANPEP,0,2,0.2
RORA,CCR4,2,2,0.2
RSAD2,RORA,0,2,0.2
FAM167B,TRIM6,2,2,0.2
FGFBP2,NTRK1,0,2,0.2
CLDN7,C1QA,0,2,0.2
FAM216B,PML,0,2,0.2
KCNH7,IGHM,0,2,0.2
CABLES2,CPA3,2,2,0.2
GBP7,GBP3,0,2,0.2
IFI44,MX2,0,2,0.2
MARCO,RORA,1,2,0.2
NTRK1,IL18RAP,1,2,0.2
S100A8,YES1,0,2,0.2
BCL2L14,APOL2,0,2,0.2
RSAD2,PCDH1,1,2,0.2
MT-ND2,FZD4,1,2,0.2
DSCC1,LAPTM4B,0,2,0.2
IFI44,RSAD2,0,2,0.2
NR6A1,FAM216B,2,2,0.2
SPDYA,GLI1,1,2,0.2
HMGN3,GPR15,0,2,0.2
NR6A1,SIK1,2,2,0.2
LANCL3,CABLES2,1,2,0.2
JCHAIN,CXCL6,1,2,0.2
MT-ND2,DSCC1,0,2,0.2
IRF7,BCL2L14,0,2,0.2
IGHM,OAS3,2,2,0.2
PAK3,FBXO39,1,2,0.2
RIGI,COL11A1,0,2,0.2
PLAU,FLT1,2,2,0.2
IFI44L,USP18,0,2,0.2
CXCL6,EREG,2,2,0.2
OAS3,TENM1,0,2,0.2
ARHGEF10,FGFBP2,2,2,0.2
BMX,S100A9,0,2,0.2
SIGLEC1,AHDC1,0,2,0.2
TRDC,ISG15,1,2,0.2
IGHM,OAS1,2,2,0.2
ANPEP,AHDC1,1,2,0.2
LANCL3,MT-ND2,2,2,0.2
RORA,CXCL6,2,2,0.2
IL2RA,LGALS3BP,1,2,0.2
ZNF423,RNF182,1,2,0.2
IFIT3,TRDC,0,2,0.2
ALPL,CXCL6,2,2,0.2
FBLN2,SPP1,0,2,0.2
HERC5,COL11A1,0,2,0.2
NBL1,CHRNE,1,2,0.2
LYPD8,FAM167B,0,2,0.2
RORA,RNF213,1,2,0.2
GPR15,APOL6,2,2,0.2
ADAMTS14,FADS3,0,2,0.2
CABLES2,RNF182,1,2,0.2
FLT1,GLI1,0,2,0.2
RNF213,TP53I11,1,2,0.2
NGFR,VNN2,1,2,0.2
KCNH7,LYPD8,0,2,0.2
NR6A1,ZFPM2,1,2,0.2
PRF1,TRDC,0,2,0.2
APOL2,RNU6-1188P,2,2,0.2
BMX,MMP10,0,2,0.2
Metazoa_SRP,FIGLA,0,2,0.2
ARHGEF10,NTRK1,2,2,0.2
NR6A1,TRIM14,2,2,0.2
CLDN7,ADAMDEC1,0,2,0.2
IGHM,JCHAIN,0,2,0.2
DYSF,CTLA4,1,2,0.2
EQTN,SPDYA,2,2,0.2
ADAMTS14,KCNMA1,2,2,0.2
CCR4,PDZD4,0,2,0.2
GPR15,FZD4,2,2,0.2
ARHGEF10,IFI44L,2,2,0.2
RORA,SPDYA,1,2,0.2
JCHAIN,MARCO,0,2,0.2
JCHAIN,IGHM,0,2,0.2
CLC,SPDYA,0,2,0.2
CTLA4,DDB1,2,2,0.2
RORA,CLNK,1,2,0.2
CLTCL1,ADAMTS14,0,2,0.2
IL18R1,ADGRG3,0,2,0.2
FAM185A,DSCC1,0,2,0.2
CXCL6,DLG5,2,2,0.2
CLC,EIF2AK2,2,2,0.2
HERC5,HSH2D,0,2,0.2
CDKN1C,FIGLA,1,2,0.2
MMP9,TRPM2,0,2,0.2
FGFBP2,FAM185A,0,2,0.2
NBL1,CST7,2,2,0.2
CABLES2,FZD4,2,2,0.2
SPP1,GPR15,2,2,0.2
SPP1,FBLN2,0,2,0.2
OAS3,FOSB,0,2,0.2
HERC5,TENM1,0,2,0.2
NBL1,CYP4F22,2,2,0.2
MX2,OAS2,0,2,0.2
CYP4F22,LANCL3,0,2,0.2
CCR3,CLC,0,2,0.2
SIK1,BEX2,2,2,0.2
IGHM,CST7,2,2,0.2
RSAD2,IFI27,1,2,0.2
FAM216B,AHDC1,0,2,0.2
DENND5B,CCR4,0,2,0.2
ARHGEF10,FAM167B,2,2,0.2
NR6A1,PLAU,2,2,0.2
EIF2AK2,SIGLEC1,0,2,0.2
VNN2,S100A12,0,2,0.2
VNN2,YEATS4,0,2,0.2
NTRK1,CTLA4,0,2,0.2
IL18RAP,S100A12,2,2,0.2
FAM167B,CRISPLD2,2,2,0.2
FAM185A,CTLA4,1,2,0.2
ARHGEF10,DYSF,2,2,0.2
GZMB,COL11A1,0,2,0.2
JCHAIN,PRF1,1,2,0.2
IL18R1,CHRNE,0,2,0.2
KCTD14,KCNMA1,0,2,0.2
ADAMTS14,NBL1,0,2,0.2
TRPM2,IL18RAP,0,2,0.2
S100A8,MMP10,0,2,0.2
KCNH7,FLT1,0,2,0.2
OAS1,U3,0,2,0.2
AREG,TP53I11,2,2,0.2
IFI44L,MX1,0,2,0.2
RSAD2,OASL,1,2,0.2
FBLN2,FZD4,0,2,0.2
BEX2,LGALS3BP,1,2,0.2
ANPEP,PML,1,2,0.2
HMGN3,CDKN1C,0,2,0.2
C1QA,OLFM4,1,2,0.2
NR6A1,NGFR,2,2,0.2
GBP7,LANCL3,1,2,0.2
EQTN,FADS3,0,2,0.2
IFI44,GZMB,0,2,0.2
APOL2,ARHGEF10,1,2,0.2
IFI44,RIGI,0,2,0.2
GLI1,TRPM2,2,2,0.2
BCL2L14,PAK3,0,2,0.2
APOL6,GBP7,0,2,0.2
SLC16A1,VNN2,2,2,0.2
ANPEP,EQTN,1,2,0.2
BCL2L14,EQTN,2,2,0.2
HSH2D,FIGLA,0,2,0.2
GZMB,RORA,0,2,0.2
NBL1,IGHM,2,2,0.2
SPDYA,EIF2AK2,1,2,0.2
FADS3,ARHGEF10,0,2,0.2
CLC,LAPTM4B,0,2,0.2
DYSF,ANPEP,0,2,0.2
CLC,IFI6,2,2,0.2
MT-ND2,DENND5B,0,2,0.2
DSCC1,MT-ND2,0,2,0.2
FLT1,IFI6,1,2,0.2
YEATS4,FADS3,0,2,0.2
IFI44,IFI6,0,2,0.2
CLDN7,GPR15,0,2,0.2
RSAD2,EIF2AK2,1,2,0.2
IL18RAP,ORM1,2,2,0.2
ARHGEF10,ADAMDEC1,2,2,0.2
TRDC,IFI44L,2,2,0.2
ADGRG3,ENTPD3,0,2,0.2
EREG,MT-ND2,0,2,0.2
TRDC,USP18,2,2,0.2
FAM185A,TRIM6,2,2,0.2
ENTPD3,KCNH7,0,2,0.2
CXCL6,CLC,2,2,0.2
JCHAIN,USP18,1,2,0.2
BCL2L14,RNU6-1188P,2,2,0.2
JCHAIN,COL11A1,1,2,0.2
CTLA4,FGFBP2,1,2,0.2
SLC16A1,FOSB,2,2,0.2
BEX2,IRF7,2,2,0.2
MMP9,ADAMTS14,0,2,0.2
IFIT3,OAS1,0,2,0.2
FGFBP2,CTLA4,0,2,0.2
KCTD14,MT-ND2,1,2,0.2
SIK1,EREG,0,2,0.2
HMGN3,LEPR,0,2,0.2
OASL,EIF2AK2,0,2,0.2
IL2RA,ENTPD3,1,2,0.2
SPDYA,CLC,0,2,0.2
CSGALNACT1,ADGRG3,0,2,0.2
DDX60,IFI6,0,2,0.2
IL18R1,MMP1,0,2,0.2
RORA,DENND5B,1,2,0.2
KCNH7,FAM167B,0,2,0.2
CTLA4,GLI1,1,2,0.2
MMP9,MMP1,0,2,0.2
MMP1,FIGLA,0,2,0.2
MMP9,CRISPLD2,0,2,0.2
ARHGEF10,PLAU,1,2,0.2
S100A9,VNN2,0,2,0.2
NBL1,YES1,2,2,0.2
ORM1,IL2RA,2,2,0.2
BEX2,ALPL,1,2,0.2
CPA3,PDZD4,0,2,0.2
TRIM6,TRPM2,1,2,0.2
IL18R1,CSGALNACT1,0,2,0.2
TRPM2,ANPEP,0,2,0.2
FGFBP2,RORA,0,2,0.2
NGFR,FBLN2,1,2,0.2
SPDYA,ARHGEF10,0,2,0.2
NTRK1,DDB1,1,2,0.2
CSGALNACT1,CLTCL1,0,2,0.2
MX1,ISG15,0,2,0.2
FAM185A,PRSS33,1,2,0.2
DENND5B,CPA3,0,2,0.2
MX1,OAS2,0,2,0.2
IFI44L,CLNK,0,2,0.2
ADAMDEC1,LEPR,0,2,0.2
NR6A1,EQTN,2,2,0.2
SIK1,KCNMA1,2,2,0.2
RORA,LGALS3BP,1,2,0.2
KCNH7,MARCO,0,2,0.2
NBL1,ADAMDEC1,1,2,0.2
MMP8,CHRNE,0,2,0.2
OAS3,PML,0,2,0.2
IGHM,CDKN1C,0,2,0.2
CLDN7,MT-ND2,0,2,0.2
IGHM,HERC5,2,2,0.2
DDB1,VNN2,2,2,0.2
GPR15,DSCC1,1,2,0.2
OAS1,IFIT3,0,2,0.2
IFIT2,PRF1,0,2,0.2
ADAMTS14,SLC16A1,2,2,0.2
IFI44,IFI27,0,2,0.2
DHX58,OASL,0,2,0.2
RORA,ANPEP,1,2,0.2
IFIT2,RIGI,0,2,0.2
FLT1,OAS1,1,2,0.2
SIGLEC1,NGFR,0,2,0.2
NBL1,MMP8,2,2,0.2
CPA3,EPX,0,2,0.2
TP53I11,LYPD8,0,2,0.2
RNU6-1188P,GBP7,2,2,0.2
RNU6-1188P,DSCC1,1,2,0.2
TRDC,COL11A1,2,2,0.2
CST7,CXCL6,0,2,0.2
GPR15,PDZD4,0,2,0.2
XAF1,GBP3,0,2,0.2
HSH2D,PGLYRP1,1,2,0.2
GPR15,MMP1,1,1,0.1
FADS3,YEATS4,0,1,0.1
GPR15,S100A12,1,1,0.1
LANCL3,KCTD14,1,1,0.1
VNN1,DLG5,0,1,0.1
IGHM,SIGLEC1,2,1,0.1
FAM185A,DHX58,2,1,0.1
MT-ND2,CCR4,0,1,0.1
NBL1,ALPL,2,1,0.1
FOSB,IL2RA,0,1,0.1
IRF7,LANCL3,1,1,0.1
C1QA,CLDN7,0,1,0.1
FLT1,EQTN,1,1,0.1
CST7,TRPM2,0,1,0.1
PLCD3,IL2RA,0,1,0.1
IRF7,IL18RAP,1,1,0.1
NGFR,KCNMA1,0,1,0.1
KCTD14,CXCL6,1,1,0.1
JCHAIN,IFIT2,1,1,0.1
CDKN1C,ARHGEF10,0,1,0.1
NBL1,C1QA,1,1,0.1
APOL2,EPX,0,1,0.1
TRIM6,CST7,1,1,0.1
C1QA,DENND5B,0,1,0.1
PAK3,CCR3,2,1,0.1
CDKN1C,HSH2D,1,1,0.1
MMP9,ENTPD3,0,1,0.1
PRSS33,ZNF423,0,1,0.1
VNN2,APOL6,1,1,0.1
RORA,PAK3,2,1,0.1
CTLA4,AREG,0,1,0.1
NBL1,MMP9,1,1,0.1
DDX60,MX1,0,1,0.1
LEPR,HMGN3,0,1,0.1
ISG15,IFI6,0,1,0.1
ENTPD3,ATP9A,0,1,0.1
ARHGEF10,GBP7,1,1,0.1
ARHGEF10,RIGI,2,1,0.1
FBLN2,CYP4F22,0,1,0.1
OLFM4,ANPEP,0,1,0.1
BEX2,ARHGEF10,0,1,0.1
GPR15,AHDC1,2,1,0.1
BEX2,CYP4F22,2,1,0.1
SPDYA,IFIT2,1,1,0.1
CRISPLD2,PGLYRP1,0,1,0.1
FLT1,IFIT3,1,1,0.1
U3,COL11A1,2,1,0.1
ARHGEF10,PDZD4,2,1,0.1
RSAD2,DHX58,1,1,0.1
TMPRSS2,TENM1,0,1,0.1
NR6A1,CCR3,2,1,0.1
NBL1,NR2E1,1,1,0.1
SPDYA,JCHAIN,2,1,0.1
HMGN3,MCEMP1,1,1,0.1
CLC,DHX58,2,1,0.1
FLT1,ISG15,1,1,0.1
HSH2D,ENTPD3,1,1,0.1
NR6A1,DDB1,0,1,0.1
HMGN3,C1QA,0,1,0.1
RORA,FAM216B,1,1,0.1
GLI1,RNF182,0,1,0.1
IFIT3,RIGI,0,1,0.1
FAM167B,JCHAIN,2,1,0.1
SPDYA,GZMB,1,1,0.1
SIK1,FGFBP2,2,1,0.1
USP18,TRIM6,1,1,0.1
CYP4F22,FZD4,0,1,0.1
RORA,FOSB,1,1,0.1
FIGLA,FBXO39,1,1,0.1
NBL1,ADGRG3,2,1,0.1
JCHAIN,CDKN1C,0,1,0.1
CLDN7,DENND5B,0,1,0.1
MMP9,MMP8,0,1,0.1
SLC16A1,DYSF,1,1,0.1
RNF182,GBP3,1,1,0.1
DLG5,S100A12,1,1,0.1
BEX2,ORM1,1,1,0.1
IGHM,TRPM2,2,1,0.1
SPP1,APOL2,0,1,0.1
PLAU,EPX,2,1,0.1
CXCL6,DDB1,1,1,0.1
LANCL3,NGFR,1,1,0.1
NR2E1,PLAU,0,1,0.1
ZNF423,SIK1,1,1,0.1
GLI1,IL18R1,2,1,0.1
SPDYA,MARCO,2,1,0.1
RORA,VNN2,2,1,0.1
RIGI,ISG15,0,1,0.1
CDKN1C,RSAD2,1,1,0.1
RORA,ADAMDEC1,1,1,0.1
TRDC,DDX60,2,1,0.1
NBL1,FAM167B,1,1,0.1
PGLYRP1,PLCD3,0,1,0.1
ADAMTS14,ARHGEF10,0,1,0.1
C1QA,MT-ND2,0,1,0.1
FAM167B,RNF182,0,1,0.1
CLC,FAM185A,0,1,0.1
GBP7,IGHM,2,1,0.1
OAS1,IFI27,0,1,0.1
FADS3,AHDC1,2,1,0.1
ZFPM2,IFI6,2,1,0.1
CLC,IFI44,2,1,0.1
USP18,HSH2D,0,1,0.1
PCDH1,RORA,0,1,0.1
CLC,TENM1,2,1,0.1
OASL,DHX58,0,1,0.1
CLTCL1,PLCD3,0,1,0.1
IGHM,MX2,2,1,0.1
PML,IRF7,0,1,0.1
LANCL3,MT-ND2,1,1,0.1
OASL,PAK3,0,1,0.1
ENTPD3,ADGRG3,0,1,0.1
IGHM,MMP8,2,1,0.1
U3,FADS3,2,1,0.1
OLFM4,MMP8,0,1,0.1
HSH2D,CST7,1,1,0.1
ANPEP,APOL6,2,1,0.1
ISG15,IFIT3,0,1,0.1
FZD4,CYP4F22,0,1,0.1
DDB1,S100A8,2,1,0.1
FLT1,RIGI,1,1,0.1
FAM167B,IL18R1,2,1,0.1
TRDC,USP18,1,1,0.1
RNF213,AHDC1,0,1,0.1
AREG,APOL6,1,1,0.1
ENTPD3,CST7,0,1,0.1
NBL1,PDZD4,1,1,0.1
RORA,ORM1,2,1,0.1
C1QA,PGLYRP1,1,1,0.1
NR6A1,RORA,1,1,0.1
VNN2,MCEMP1,0,1,0.1
IL18RAP,S100A8,0,1,0.1
FAM167B,CLC,2,1,0.1
EIF2AK2,FBXO39,0,1,0.1
CXCL6,KCNH7,2,1,0.1
RORA,NR6A1,2,1,0.1
IFI6,U3,0,1,0.1
FAM185A,APOL6,2,1,0.1
JCHAIN,ISG15,1,1,0.1
USP18,ISG15,0,1,0.1
ARHGEF10,FZD4,2,1,0.1
FAM216B,TRIM6,0,1,0.1
LAPTM4B,ALPL,1,1,0.1
FAM185A,PRF1,2,1,0.1
ARHGEF10,FIGLA,2,1,0.1
LGALS3BP,BEX2,2,1,0.1
MT-ND2,C1QA,0,1,0.1
FLT1,COL11A1,1,1,0.1
ARHGEF10,BCL2L14,1,1,0.1
FBLN2,SLC16A1,0,1,0.1
TRDC,IFI44,1,1,0.1
RORA,CTLA4,2,1,0.1
RIGI,MX1,0,1,0.1
BEX2,RNU6-1188P,2,1,0.1
ADAMDEC1,CRISPLD2,1,1,0.1
FAM185A,GBP3,2,1,0.1
SIK1,AREG,0,1,0.1
IGHM,RORA,1,1,0.1
ARHGEF10,MT-ND2,2,1,0.1
U3,LEPR,2,1,0.1
FAM216B,KCTD14,0,1,0.1
RSAD2,MX2,1,1,0.1
YES1,S100A12,0,1,0.1
FAM185A,EIF2AK2,2,1,0.1
HSH2D,DYSF,1,1,0.1
FAM185A,FAM216B,2,1,0.1
MMP9,ADGRG3,0,1,0.1
S100A8,IL18RAP,0,1,0.1
FADS3,PRSS33,1,1,0.1
BEX2,IFI44,2,1,0.1
DDX60,OASL,0,1,0.1
DENND5B,IL18RAP,2,1,0.1
FAM167B,LAPTM4B,2,1,0.1
ADAMDEC1,PDZD4,1,1,0.1
RORA,CRISPLD2,1,1,0.1
SPDYA,ZFPM2,0,1,0.1
IGHM,FBXO39,2,1,0.1
GBP3,APOL2,0,1,0.1
FLT1,IL18R1,1,1,0.1
BCL2L14,GBP7,0,1,0.1
FLT1,RNU6-1188P,1,1,0.1
FADS3,CLDN7,2,1,0.1
BEX2,NGFR,2,1,0.1
EPX,CLDN7,0,1,0.1
IFIT2,U3,0,1,0.1
GBP3,GBP7,0,1,0.1
TRDC,HSH2D,1,1,0.1
GBP7,IGHM,1,1,0.1
IGHM,CDKN1C,1,1,0.1
OAS2,MX2,0,1,0.1
ZNF423,S100A8,1,1,0.1
CABLES2,CCR3,2,1,0.1
BCL2L14,YEATS4,2,1,0.1
DDB1,FAM185A,1,1,0.1
LEPR,OLFM4,1,1,0.1
CLC,TRIM14,2,1,0.1
AREG,NR6A1,2,1,0.1
IGHM,MX1,2,1,0.1
ADGRG3,ATP9A,0,1,0.1
ZFPM2,SPDYA,0,1,0.1
AHDC1,IL2RA,1,1,0.1
RIGI,RSAD2,0,1,0.1
CLC,DSCC1,0,1,0.1
OAS3,FBXO39,0,1,0.1
FOSB,DENND5B,1,1,0.1
MT-ND2,CLDN7,0,1,0.1
TRDC,FAM185A,0,1,0.1
ARHGEF10,ANPEP,2,1,0.1
ARHGEF10,GLI1,2,1,0.1
LAPTM4B,DSCC1,0,1,0.1
ISG15,RIGI,0,1,0.1
FIGLA,SIGLEC1,1,1,0.1
OASL,IRF7,0,1,0.1
NTRK1,ATP9A,1,1,0.1
PCDH1,FIGLA,0,1,0.1
MARCO,IGHM,0,1,0.1
ARHGEF10,FADS3,2,1,0.1
RNF182,DDB1,0,1,0.1
KCTD14,RNU6-1188P,2,1,0.1
LANCL3,IL18R1,1,1,0.1
CXCL6,ADAMTS14,2,1,0.1
S100A9,S100A8,0,1,0.1
FBLN2,DDB1,0,1,0.1
TRIM6,ADGRG3,1,1,0.1
ARHGEF10,IFI27,2,1,0.1
NR6A1,KCTD14,2,1,0.1
ADGRG3,VNN1,0,1,0.1
BEX2,NR2E1,1,1,0.1
FAM167B,BEX2,2,1,0.1
ARHGEF10,PRF1,2,1,0.1
GBP7,FBLN2,0,1,0.1
CST7,DYSF,0,1,0.1
CXCL6,CRISPLD2,2,1,0.1
MX2,TRIM14,0,1,0.1
LYPD8,BMX,0,1,0.1
MX1,OASL,0,1,0.1
BMX,TP53I11,0,1,0.1
TRIM6,DLG5,0,1,0.1
OAS1,DDX60,0,1,0.1
FAM185A,RSAD2,2,1,0.1
ZNF423,AREG,1,1,0.1
TMPRSS2,VNN1,2,1,0.1
KCNMA1,APOL6,0,1,0.1
IGHM,IFIT2,2,1,0.1
BEX2,KCNH7,1,1,0.1
TRDC,IFI44L,1,1,0.1
SPDYA,ADAMTS14,2,1,0.1
GBP3,ZFPM2,0,1,0.1
IFI44,PCDH1,0,1,0.1
CLC,CPA3,0,1,0.1
SPDYA,KCTD14,1,1,0.1
RORA,DSCC1,1,1,0.1
RSAD2,PCDH1,0,1,0.1
PAK3,NBL1,0,1,0.1
CABLES2,EREG,1,1,0.1
BEX2,TRPM2,1,1,0.1
NTRK1,PLCD3,2,1,0.1
MARCO,FLT1,0,1,0.1
CLTCL1,CSGALNACT1,0,1,0.1
NR2E1,SIK1,1,1,0.1
ENTPD3,NR2E1,0,1,0.1
CLC,OASL,2,1,0.1
IFI44,PRF1,0,1,0.1
TRPM2,NR2E1,0,1,0.1
CSGALNACT1,IL18R1,0,1,0.1
CTLA4,CLNK,2,1,0.1
CDKN1C,C1QA,1,1,0.1
NR6A1,CPA3,2,1,0.1
ADGRG3,BMX,0,1,0.1
BEX2,HERC5,2,1,0.1
IGHM,RSAD2,2,1,0.1
NTRK1,FZD4,1,1,0.1
LANCL3,LAPTM4B,2,1,0.1
BEX2,ZNF423,1,1,0.1
BEX2,YES1,2,1,0.1
FAM216B,LGALS3BP,0,1,0.1
JCHAIN,IFIT3,1,1,0.1
CABLES2,Metazoa_SRP,1,1,0.1
BEX2,TMPRSS2,2,1,0.1
S100A8,FZD4,0,1,0.1
ARHGEF10,YES1,2,1,0.1
MMP10,IL18RAP,0,1,0.1
ORM1,VNN1,0,1,0.1
IGHM,HERC5,1,1,0.1
DYSF,GBP3,2,1,0.1
DSCC1,KCNH7,1,1,0.1
IL18RAP,S100A9,2,1,0.1
BEX2,IFIT2,2,1,0.1
RORA,C1QA,2,1,0.1
ZNF423,FBLN2,1,1,0.1
HMGN3,ADAMDEC1,0,1,0.1
CLDN7,PDZD4,0,1,0.1
TRDC,MX2,1,1,0.1
RORA,MMP10,2,1,0.1
MMP8,CST7,0,1,0.1
GLI1,OLFM4,2,1,0.1
FAM185A,TMPRSS2,2,1,0.1
TRDC,ISG15,2,1,0.1
HSH2D,ANPEP,1,1,0.1
PML,LGALS3BP,0,1,0.1
CLC,HSH2D,2,1,0.1
Metazoa_SRP,MMP1,1,1,0.1
RORA,SPP1,1,1,0.1
EQTN,YES1,2,1,0.1
MCEMP1,PLAU,0,1,0.1
CDKN1C,USP18,1,1,0.1
BMX,MCEMP1,0,1,0.1
CABLES2,ADAMDEC1,1,1,0.1
PAK3,HMGN3,2,1,0.1
S100A9,TP53I11,0,1,0.1
TRDC,DDX60,1,1,0.1
ANPEP,DYSF,0,1,0.1
FAM167B,GLI1,0,1,0.1
IL2RA,PGLYRP1,1,1,0.1
ADAMTS14,CLTCL1,0,1,0.1
RORA,BMX,2,1,0.1
DDB1,LANCL3,2,1,0.1
IRF7,OAS3,1,1,0.1
ALPL,DHX58,1,1,0.1
GZMB,TRDC,0,1,0.1
NBL1,ATP9A,1,1,0.1
FAM185A,MX1,2,1,0.1
CXCL6,LAPTM4B,2,1,0.1
CDKN1C,CLDN7,1,1,0.1
ADAMTS14,NTRK1,1,1,0.1
GLI1,BEX2,0,1,0.1
MARCO,PCDH1,2,1,0.1
CXCL6,SLC16A1,1,1,0.1
IGHM,TMPRSS2,1,1,0.1
S100A12,MARCO,0,1,0.1
CSGALNACT1,ORM1,0,1,0.1
VNN1,MMP9,0,1,0.1
DENND5B,FAM216B,1,1,0.1
KCNMA1,C1QA,0,1,0.1
RORA,ATP9A,2,1,0.1
TP53I11,PRSS33,0,1,0.1
CXCL6,CLTCL1,2,1,0.1
CLTCL1,KCNH7,1,1,0.1
NBL1,BMX,1,1,0.1
NR6A1,FADS3,1,1,0.1
IGHM,DDX60,1,1,0.1
ZFPM2,TENM1,2,1,0.1
BEX2,PML,1,1,0.1
APOL6,BCL2L14,0,1,0.1
JCHAIN,MX1,1,1,0.1
CHRNE,OLFM4,0,1,0.1
YES1,FZD4,0,1,0.1
OAS1,RSAD2,0,1,0.1
MMP9,DLG5,0,1,0.1
USP18,RSAD2,0,1,0.1
TRDC,OASL,1,1,0.1
ZNF423,LYPD8,1,1,0.1
C1QA,CCR3,1,1,0.1
NR6A1,IL2RA,2,1,0.1
LEPR,CPA3,1,1,0.1
JCHAIN,OASL,1,1,0.1
IGHM,IFI44,2,1,0.1
CTLA4,NTRK1,1,1,0.1
DDB1,NBL1,1,1,0.1
IGHM,DHX58,2,1,0.1
FLT1,MX1,1,1,0.1
RORA,NGFR,2,1,0.1
FAM167B,CABLES2,2,1,0.1
BEX2,GLI1,0,1,0.1
NTRK1,MT-ND2,0,1,0.1
AHDC1,S100A8,1,1,0.1
CLDN7,EREG,0,1,0.1
RORA,MMP9,1,1,0.1
TRDC,RORA,0,1,0.1
RIGI,IFI6,0,1,0.1
TRIM6,ALPL,1,1,0.1
ATP9A,YES1,0,1,0.1
USP18,VNN1,2,1,0.1
FAM167B,TP53I11,2,1,0.1
ADAMTS14,CXCL6,0,1,0.1
NBL1,S100A12,2,1,0.1
BEX2,MX1,2,1,0.1
S100A12,MMP10,0,1,0.1
CABLES2,NGFR,1,1,0.1
DDB1,BMX,2,1,0.1
BEX2,SIK1,2,1,0.1
LYPD8,MARCO,1,1,0.1
FAM185A,GLI1,1,1,0.1
ZFPM2,FGFBP2,1,1,0.1
FAM167B,ADAMTS14,2,1,0.1
DDB1,SPDYA,0,1,0.1
BEX2,PCDH1,2,1,0.1
CXCL6,MMP9,2,1,0.1
FLT1,IFI44,1,1,0.1
DLG5,FIGLA,1,1,0.1
AREG,FAM185A,1,1,0.1
HMGN3,EQTN,0,1,0.1
ADAMTS14,FBLN2,2,1,0.1
CDKN1C,CYP4F22,1,1,0.1
HSH2D,PLCD3,1,1,0.1
MT-ND2,NTRK1,0,1,0.1
BMX,FAM167B,0,1,0.1
USP18,DDX60,0,1,0.1
JCHAIN,IGHM,1,1,0.1
FAM167B,ZNF423,2,1,0.1
AREG,NBL1,1,1,0.1
IL2RA,CRISPLD2,1,1,0.1
FAM185A,SIGLEC1,2,1,0.1
CXCL6,FAM185A,2,1,0.1
HMGN3,YEATS4,0,1,0.1
MT-ND2,AREG,0,1,0.1
EPX,PDZD4,0,1,0.1
GPR15,FAM185A,2,1,0.1
U3,SPP1,1,1,0.1
